-- PMP OPS — Seed data (run after schema + policies)
-- Uses sample jobs, presses, todos, progress_log, qc_log for demo.

-- Clear existing (optional; comment out if you want to preserve data)
-- TRUNCATE jobs, progress_log, presses, todos, qc_log RESTART IDENTITY CASCADE;

-- Jobs (id, catalog, artist, album, invoice, status, due, press, client, email, location, last_contact, format, vinyl_type, qty, weight, color, specialty, label_type, sleeve, jacket, outer, cpl, notes, assembly, inv_date, deposit, inv2, pay2, assets)
INSERT INTO jobs (id, catalog, artist, album, invoice, status, due, press, client, email, location, format, vinyl_type, qty, weight, color, specialty, label_type, sleeve, jacket, outer, notes, assembly, inv_date, deposit, inv2, pay2, assets) VALUES
('s1', 'LUNLP3108', 'Willow Creek', 'Midnight Garden', '1729', 'pressing', '2026-03-12', 'PRESS 1', 'Lunar Records', 'orders@lunarrecords.com', 'Bay 3 Row 2', '1LP', 'Color', 500, '180g', 'Dark Purple / Natty Swirl', 'Swirl', 'CMYK', 'Printed', 'Gatefold', 'Shrink', 'Client wants swirl heavy on A-side. Test press approved 2/28.', 'Gatefold inserts on pallet Bay 3', NULL, NULL, NULL, NULL, '{"stampers":{"received":true,"date":"2026-02-20","person":"Mike","na":false,"note":""},"compound":{"received":true,"date":"2026-02-22","person":"Mike","na":false,"note":"Purple + white compound"},"testPress":{"received":true,"date":"2026-02-25","person":"Alex","na":false,"note":""},"testApproved":{"received":true,"date":"2026-02-28","person":"Alex","na":false,"note":"Client approved via email"},"labels":{"received":true,"date":"2026-03-01","person":"Floor","na":false,"note":""},"cut":{"received":true,"date":"2026-03-01","person":"Mike","na":false,"note":""},"baked":{"received":true,"date":"2026-03-02","person":"Mike","na":false,"note":""},"sleeves":{"received":false,"date":"","person":"","na":false,"note":""},"jackets":{"received":true,"date":"2026-03-03","person":"Floor","na":false,"note":"Gatefold from PrintCo"},"insert":{"received":true,"date":"2026-03-03","person":"Floor","na":false,"note":""},"booklet":{"received":false,"date":"","person":"","na":true,"note":""},"dlCard":{"received":true,"date":"2026-03-02","person":"Alex","na":false,"note":""},"mktSticker":{"received":false,"date":"","person":"","na":false,"note":""},"upcSticker":{"received":true,"date":"2026-03-01","person":"Floor","na":false,"note":""},"outerPkg":{"received":true,"date":"2026-03-03","person":"Floor","na":false,"note":"Shrink wrap ready"}}'::jsonb),
('s2', 'BRKEP0042', 'Glass Hammer', 'Fracture Lines', '1731', 'pressing', '2026-03-18', 'PRESS 2', 'Broken Arrow Music', 'press@brokenarrow.co', 'Bay 1 Row 4', '2LP', 'Color', 1000, '150g', 'Smoke Gray / Black Marble', 'Marble', 'CMYK', 'Printed', 'Gatefold', 'Shrink', 'Double LP — discs A/B and C/D. Marble pattern should be subtle.', '', NULL, NULL, NULL, NULL, '{"stampers":{"received":true,"date":"2026-03-01","person":"Mike","na":false,"note":"2 sets for 2LP"},"compound":{"received":true,"date":"2026-03-02","person":"Mike","na":false,"note":""},"testPress":{"received":true,"date":"2026-03-03","person":"Alex","na":false,"note":""},"testApproved":{"received":true,"date":"2026-03-04","person":"Alex","na":false,"note":""},"labels":{"received":true,"date":"2026-03-04","person":"Floor","na":false,"note":"4 labels total"},"cut":{"received":true,"date":"2026-03-04","person":"Mike","na":false,"note":""},"baked":{"received":false,"date":"","person":"","na":false,"note":""},"sleeves":{"received":false,"date":"","person":"","na":false,"note":""},"jackets":{"received":false,"date":"","person":"","na":false,"note":""},"insert":{"received":false,"date":"","person":"","na":false,"note":""},"booklet":{"received":false,"date":"","person":"","na":false,"note":"8-page booklet"},"dlCard":{"received":false,"date":"","person":"","na":true,"note":""},"mktSticker":{"received":false,"date":"","person":"","na":true,"note":""},"upcSticker":{"received":false,"date":"","person":"","na":false,"note":""},"outerPkg":{"received":false,"date":"","person":"","na":false,"note":""}}'::jsonb),
('s3', 'RCL7-009', 'The Satellites', 'Radio Silence b/w Dead Air', '1735', 'assembly', '2026-03-08', '7" PRESS', 'Recluse Records', 'info@recluserecs.com', 'Bay 5 Row 1', '7"', 'Color', 300, '140g', 'Translucent Red', '', '1-Color', 'Printed', 'None', 'Polybag', 'Rush order — client needs for SXSW merch table.', 'Pressed, waiting on sleeves for assembly. Polybags on shelf B5.', NULL, NULL, NULL, NULL, '{"stampers":{"received":true,"date":"2026-02-28","person":"Alex","na":false,"note":""},"compound":{"received":true,"date":"2026-02-28","person":"Alex","na":false,"note":"Red translucent"},"testPress":{"received":true,"date":"2026-03-01","person":"Alex","na":false,"note":""},"testApproved":{"received":true,"date":"2026-03-02","person":"Alex","na":false,"note":""},"labels":{"received":true,"date":"2026-03-02","person":"Floor","na":false,"note":""},"cut":{"received":true,"date":"2026-03-03","person":"Mike","na":false,"note":""},"baked":{"received":true,"date":"2026-03-03","person":"Mike","na":false,"note":""},"sleeves":{"received":false,"date":"","person":"","na":false,"note":"WAITING — due 3/7 from printer"},"jackets":{"received":false,"date":"","person":"","na":true,"note":""},"insert":{"received":false,"date":"","person":"","na":true,"note":""},"booklet":{"received":false,"date":"","person":"","na":true,"note":""},"dlCard":{"received":false,"date":"","person":"","na":true,"note":""},"mktSticker":{"received":false,"date":"","person":"","na":true,"note":""},"upcSticker":{"received":true,"date":"2026-03-03","person":"Floor","na":false,"note":""},"outerPkg":{"received":true,"date":"2026-03-04","person":"Floor","na":false,"note":"Polybags ready"}}'::jsonb),
('s4', 'HNYLP2200', 'Magnolia Sound', 'Honey & Smoke', '1722', 'queue', '2026-03-25', '', 'Honeybee Collective', 'vinyl@honeybeecollective.com', '', '1LP', 'Color', 750, '180g', 'Honey Gold', '', 'CMYK', 'Printed', 'Standard', 'Shrink', 'Waiting on stampers from cutting house. ETA 3/10.', '', NULL, NULL, NULL, NULL, '{"stampers":{"received":false,"date":"","person":"","na":false,"note":"ETA 3/10 from cutting house"},"compound":{"received":true,"date":"2026-03-01","person":"Mike","na":false,"note":"Gold compound ordered"},"testPress":{"received":false,"date":"","person":"","na":false,"note":""},"testApproved":{"received":false,"date":"","person":"","na":false,"note":""},"labels":{"received":false,"date":"","person":"","na":false,"note":""},"cut":{"received":false,"date":"","person":"","na":false,"note":""},"baked":{"received":false,"date":"","person":"","na":false,"note":""},"sleeves":{"received":false,"date":"","person":"","na":false,"note":""},"jackets":{"received":false,"date":"","person":"","na":false,"note":""},"insert":{"received":false,"date":"","person":"","na":true,"note":""},"booklet":{"received":false,"date":"","person":"","na":true,"note":""},"dlCard":{"received":false,"date":"","person":"","na":false,"note":""},"mktSticker":{"received":false,"date":"","person":"","na":false,"note":""},"upcSticker":{"received":false,"date":"","person":"","na":false,"note":""},"outerPkg":{"received":false,"date":"","person":"","na":false,"note":""}}'::jsonb),
('s5', 'DSTLP0887', 'Cold Frequency', 'Dissolve', '1718', 'done', '2026-03-01', 'PRESS 3', 'Dust & Static', 'releases@duststatic.com', 'Shipping Bay', '1LP', 'Black', 500, '180g', 'Black', '', '2-Color', 'Printed', 'Standard', 'Shrink', 'Completed. 525 units pressed (includes overage). Boxed and ready to ship.', 'Boxed on pallet, shipping bay. Pickup scheduled 3/7.', '2026-01-15', '2026-01-20', '2026-02-28', '2026-03-04', '{"stampers":{"received":true,"date":"2026-02-01","person":"Mike","na":false,"note":""},"compound":{"received":true,"date":"2026-02-01","person":"Mike","na":false,"note":""},"testPress":{"received":true,"date":"2026-02-05","person":"Alex","na":false,"note":""},"testApproved":{"received":true,"date":"2026-02-07","person":"Alex","na":false,"note":""},"labels":{"received":true,"date":"2026-02-10","person":"Floor","na":false,"note":""},"cut":{"received":true,"date":"2026-02-10","person":"Mike","na":false,"note":""},"baked":{"received":true,"date":"2026-02-11","person":"Mike","na":false,"note":""},"sleeves":{"received":true,"date":"2026-02-15","person":"Floor","na":false,"note":""},"jackets":{"received":true,"date":"2026-02-15","person":"Floor","na":false,"note":""},"insert":{"received":false,"date":"","person":"","na":true,"note":""},"booklet":{"received":false,"date":"","person":"","na":true,"note":""},"dlCard":{"received":true,"date":"2026-02-18","person":"Alex","na":false,"note":""},"mktSticker":{"received":true,"date":"2026-02-20","person":"Floor","na":false,"note":""},"upcSticker":{"received":true,"date":"2026-02-20","person":"Floor","na":false,"note":""},"outerPkg":{"received":true,"date":"2026-02-22","person":"Floor","na":false,"note":""}}'::jsonb)
ON CONFLICT (id) DO UPDATE SET updated_at = now();

-- Presses
INSERT INTO presses (id, name, type, status, job_id) VALUES
('p1', 'PRESS 1', 'LP', 'online', 's1'),
('p2', 'PRESS 2', 'LP', 'online', 's2'),
('p3', 'PRESS 3', 'LP', 'idle', NULL),
('p4', '7" PRESS', '7"', 'warning', NULL)
ON CONFLICT (id) DO UPDATE SET name = EXCLUDED.name, type = EXCLUDED.type, status = EXCLUDED.status, job_id = EXCLUDED.job_id;

-- Todos (category, text, done, who, sort_order)
INSERT INTO todos (id, category, text, done, who, sort_order) VALUES
('d1', 'daily', 'Check stampers on all active presses', false, '', 0),
('d2', 'daily', 'Log rejects — spindle/box check', false, '', 1),
('d3', 'daily', 'Confirm stack qty matches PO', false, '', 2),
('d4', 'daily', 'Visual QC pass on completed run', false, '', 3),
('d5', 'daily', 'Verify compound supply', false, '', 4),
('w1', 'weekly', 'Tues/Thurs — preventative maintenance check-in', false, '', 0),
('w2', 'weekly', 'Fri 3PM — NON-NEGOTIABLE full maintenance', false, '', 1),
('w3', 'weekly', 'Tues PM — Rip Cord assessment', false, '', 2),
('w4', 'weekly', 'Color needs heads up to team (Alex)', false, '', 3),
('w5', 'weekly', 'PO overage review — confirm clarity', false, '', 4),
('s1', 'standing', 'No biscuits/rejects with flash', false, '', 0),
('s2', 'standing', 'Untrimmed records FILE VERTICALLY', false, '', 1),
('s3', 'standing', '7" rejects — file vertically (Alex)', false, '', 2),
('s4', 'standing', 'Clear stack #s on PO', false, '', 3)
ON CONFLICT (id) DO UPDATE SET category = EXCLUDED.category, text = EXCLUDED.text, done = EXCLUDED.done, who = EXCLUDED.who, sort_order = EXCLUDED.sort_order;

-- Progress log (job_id, qty, stage, person, timestamp)
INSERT INTO progress_log (job_id, qty, stage, person, timestamp) VALUES
('s1', 25, 'pressed', 'Colby', '2026-03-04T09:15:00Z'), ('s1', 25, 'pressed', 'Colby', '2026-03-04T10:30:00Z'), ('s1', 25, 'pressed', 'Colby', '2026-03-04T11:45:00Z'), ('s1', 25, 'pressed', 'Colby', '2026-03-04T13:20:00Z'), ('s1', 25, 'pressed', 'Colby', '2026-03-04T14:35:00Z'), ('s1', 25, 'pressed', 'Colby', '2026-03-05T08:45:00Z'), ('s1', 25, 'pressed', 'Colby', '2026-03-05T10:00:00Z'), ('s1', 25, 'pressed', 'Colby', '2026-03-05T11:15:00Z'),
('s1', 22, 'qc_passed', 'Alex', '2026-03-04T15:00:00Z'), ('s1', 24, 'qc_passed', 'Alex', '2026-03-04T16:20:00Z'), ('s1', 25, 'qc_passed', 'Alex', '2026-03-05T09:30:00Z'), ('s1', 23, 'qc_passed', 'Alex', '2026-03-05T11:00:00Z'),
('s1', 3, 'rejected', 'Alex', '2026-03-04T15:00:00Z'), ('s1', 1, 'rejected', 'Alex', '2026-03-04T16:20:00Z'), ('s1', 2, 'rejected', 'Alex', '2026-03-05T11:00:00Z'),
('s2', 50, 'pressed', 'Colby', '2026-03-05T13:00:00Z'), ('s2', 50, 'pressed', 'Colby', '2026-03-05T14:30:00Z'), ('s2', 48, 'qc_passed', 'Alex', '2026-03-05T15:45:00Z'), ('s2', 2, 'rejected', 'Alex', '2026-03-05T15:45:00Z'),
('s3', 50, 'pressed', 'Colby', '2026-03-03T09:00:00Z'), ('s3', 50, 'pressed', 'Colby', '2026-03-03T10:15:00Z'), ('s3', 50, 'pressed', 'Colby', '2026-03-03T11:30:00Z'), ('s3', 50, 'pressed', 'Colby', '2026-03-03T13:00:00Z'), ('s3', 50, 'pressed', 'Colby', '2026-03-03T14:15:00Z'), ('s3', 50, 'pressed', 'Colby', '2026-03-03T15:30:00Z'), ('s3', 30, 'pressed', 'Colby', '2026-03-04T08:30:00Z'),
('s3', 48, 'qc_passed', 'Alex', '2026-03-03T15:00:00Z'), ('s3', 49, 'qc_passed', 'Alex', '2026-03-03T16:30:00Z'), ('s3', 50, 'qc_passed', 'Alex', '2026-03-04T09:00:00Z'), ('s3', 50, 'qc_passed', 'Alex', '2026-03-04T10:30:00Z'), ('s3', 50, 'qc_passed', 'Alex', '2026-03-04T11:45:00Z'), ('s3', 48, 'qc_passed', 'Alex', '2026-03-04T13:00:00Z'),
('s3', 2, 'rejected', 'Alex', '2026-03-03T15:00:00Z'), ('s3', 1, 'rejected', 'Alex', '2026-03-03T16:30:00Z'), ('s3', 2, 'rejected', 'Alex', '2026-03-04T13:00:00Z'),
('s5', 100, 'pressed', 'Colby', '2026-02-24T09:00:00Z'), ('s5', 100, 'pressed', 'Colby', '2026-02-24T11:00:00Z'), ('s5', 100, 'pressed', 'Colby', '2026-02-24T14:00:00Z'), ('s5', 100, 'pressed', 'Colby', '2026-02-25T09:00:00Z'), ('s5', 100, 'pressed', 'Colby', '2026-02-25T11:00:00Z'), ('s5', 25, 'pressed', 'Colby', '2026-02-25T13:00:00Z'),
('s5', 98, 'qc_passed', 'Alex', '2026-02-24T15:00:00Z'), ('s5', 99, 'qc_passed', 'Alex', '2026-02-25T10:00:00Z'), ('s5', 100, 'qc_passed', 'Alex', '2026-02-25T12:00:00Z'), ('s5', 100, 'qc_passed', 'Alex', '2026-02-25T14:00:00Z'), ('s5', 100, 'qc_passed', 'Alex', '2026-02-25T15:30:00Z'), ('s5', 25, 'qc_passed', 'Alex', '2026-02-25T16:00:00Z'),
('s5', 2, 'rejected', 'Alex', '2026-02-24T15:00:00Z'), ('s5', 1, 'rejected', 'Alex', '2026-02-25T10:00:00Z');

-- QC log (time, type, job, date) — use current date strings for demo
INSERT INTO qc_log (time, type, job, date) VALUES
('14:22:05', 'FLASH', 'LUNLP3108', to_char(current_date, 'Mon DD YYYY')),
('14:18:31', 'BLEMISH', 'LUNLP3108', to_char(current_date, 'Mon DD YYYY')),
('11:05:12', 'OFF-CENTER', 'BRKEP0042', to_char(current_date, 'Mon DD YYYY')),
('16:42:09', 'FLASH', 'RCL7-009', to_char(current_date - 1, 'Mon DD YYYY')),
('15:30:44', 'FLASH', 'RCL7-009', to_char(current_date - 1, 'Mon DD YYYY')),
('15:28:11', 'UNTRIMMED', 'RCL7-009', to_char(current_date - 1, 'Mon DD YYYY')),
('14:10:33', 'BLEMISH', 'RCL7-009', to_char(current_date - 1, 'Mon DD YYYY')),
('10:15:20', 'AUDIO', 'DSTLP0887', to_char(current_date - 2, 'Mon DD YYYY')),
('09:44:55', 'FLASH', 'DSTLP0887', to_char(current_date - 2, 'Mon DD YYYY')),
('09:22:18', 'BISCUIT/FLASH', 'DSTLP0887', to_char(current_date - 2, 'Mon DD YYYY'));
